{
    "normals":[-5.32907e-15,-1,2.98023e-08,1.06581e-14,1,-2.98023e-08,1,4.47034e-08,2.83122e-07,-2.83122e-07,-7.45059e-08,1,-1,-1.3411e-07,-2.23517e-07,2.38419e-07,1.78814e-07,-1],
    "metadata":{
        "vertices":10,
        "version":3,
        "uvs":1,
        "normals":6,
        "generator":"io_three",
        "type":"Geometry",
        "faces":6
    },
    "uvs":[[7.94728e-08,0.333333,0.333333,0.333333,0.333333,0.666667,0,0.666667,0.666667,0,0.666667,0.333333,0.333334,0.333333,0.333333,1.58946e-07,0.333333,1,8.9407e-08,1,0,0.666667,0.333333,0.666667,0.333333,0.666667,0.333333,0.333334,0.666667,0.333333,0.666667,0.666667,0.333333,0.333333,1.29143e-07,0.333333,0,1.88748e-07,0.333333,0,0.666667,0,1,1.98682e-08,1,0.333333]],
    "vertices":[1,-1,-1,1,-1,1,-1,-1,1,-1,-1,-1,1,1,-1,0.999999,1,1,-1,1,1,-1,1,-1,0.995037,0.993922,0.986802,0.891226,0.71063,0.930426],
    "faces":[41,0,1,2,3,0,1,2,3,0,0,0,0,41,4,7,6,5,4,5,6,7,1,1,1,1,41,0,4,5,1,8,9,10,11,2,2,2,2,41,1,5,6,2,12,13,14,15,3,3,3,3,41,2,6,7,3,16,17,18,19,4,4,4,4,41,4,0,3,7,20,21,22,5,5,5,5,5]
}