{
    "normals":[-5.32907e-15,-1,2.98023e-08,1.06581e-14,1,-2.98023e-08,1,4.47034e-08,2.83122e-07,-2.83122e-07,-7.45059e-08,1,-1,-1.3411e-07,-2.23517e-07,2.38419e-07,1.78814e-07,-1],
    "metadata":{
        "vertices":8,
        "version":3,
        "uvs":1,
        "normals":6,
        "generator":"io_three",
        "type":"Geometry",
        "faces":6
    },
    "uvs":[[0,0,1,0,1,1,0,1]],
    "vertices":[1,-1,-1,1,-1,1,-1,-1,1,-1,-1,-1,1,1,-1,0.999999,1,1,-1,1,1,-1,1,-1],
    "faces":[41,0,1,2,3,0,1,2,3,0,0,0,0,41,4,7,6,5,0,1,2,3,1,1,1,1,41,0,4,5,1,0,1,2,3,2,2,2,2,41,1,5,6,2,0,1,2,3,3,3,3,3,41,2,6,7,3,0,1,2,3,4,4,4,4,41,4,0,3,7,0,1,2,3,5,5,5,5]
}